CouponID,CouponCode,DiscountPercent,ExpiryDate
1,093128,80,2025-12-11
2,966015,85,2026-03-16
3,131632,67,2025-08-12
4,267625,44,2025-08-22
5,508064,68,2025-05-08
6,219110,60,2025-06-22
7,431240,25,2025-08-28
8,847955,32,2025-05-14
9,798956,23,2026-02-01
10,906379,40,2026-02-12
11,367585,4,2026-01-22
12,814695,53,2025-06-26
13,948989,67,2025-12-17
14,518335,19,2025-04-14
15,730809,50,2025-11-28
16,611768,38,2026-01-11
17,438364,66,2025-10-11
18,003052,70,2025-12-19
19,885016,7,2025-08-08
20,232986,62,2025-04-07
21,361802,8,2026-01-23
22,373355,87,2026-01-23
23,598172,59,2025-08-17
24,037165,14,2025-04-20
25,831659,92,2026-02-19
26,777218,74,2026-01-23
27,316850,30,2025-09-11
28,411177,81,2026-01-06
29,675150,62,2025-06-21
30,404900,4,2025-04-25
31,141915,94,2025-08-28
32,570929,24,2025-11-25
33,349788,62,2025-04-23
34,524578,87,2025-03-19
35,448706,26,2025-10-20
36,652559,1,2025-12-20
37,211037,68,2025-08-01
38,142614,42,2025-10-21
39,426257,88,2025-10-15
40,899378,83,2025-05-04
41,024849,84,2025-12-13
42,909140,1,2025-12-19
43,592607,27,2025-05-18
44,366244,46,2025-04-30
45,684279,82,2025-12-30
46,789444,24,2025-12-22
47,772606,3,2025-10-10
48,331649,78,2026-01-13
49,092295,7,2025-03-22
50,666652,82,2025-04-03
51,316744,38,2025-04-29
52,887478,84,2025-04-30
53,174751,13,2025-12-23
54,852826,36,2025-11-27
55,667434,9,2025-07-09
56,529730,80,2025-07-13
57,969489,67,2026-03-16
58,615595,90,2025-08-05
59,046237,60,2025-11-05
60,021428,67,2025-11-17
61,407037,75,2025-05-05
62,163504,36,2025-08-10
63,806117,9,2025-08-22
64,492452,8,2025-10-02
65,317156,77,2026-03-14
66,418674,93,2025-08-29
67,398049,78,2025-03-19
68,571457,13,2025-07-12
69,475961,15,2025-10-26
70,528443,68,2025-12-26
71,579199,23,2025-05-15
72,410496,86,2025-10-15
73,426883,68,2025-04-23
74,403493,81,2025-11-13
75,096338,93,2025-12-22
76,680342,1,2025-11-26
77,238536,70,2025-06-19
78,584802,1,2025-07-14
79,052236,87,2025-10-16
80,828561,86,2025-06-24
81,657025,26,2025-10-30
82,494087,49,2025-07-26
83,691850,60,2025-12-05
84,003433,34,2025-04-15
85,975843,6,2025-04-20
86,737546,95,2026-01-31
87,633486,78,2025-12-14
88,792443,88,2025-04-29
89,554329,6,2025-06-16
90,423320,83,2025-12-15
91,626301,49,2026-03-08
92,018273,42,2025-03-18
93,033546,34,2025-03-21
94,117016,36,2025-03-30
95,050090,44,2025-05-07
96,185575,10,2026-01-14
97,756462,85,2025-05-20
98,775371,54,2025-04-06
99,152892,88,2025-07-19
100,850351,42,2025-10-15
101,115748,77,2025-04-28
102,632003,2,2026-03-14
103,988945,62,2025-05-30
104,511230,63,2026-03-13
105,696366,65,2025-12-21
106,564666,65,2025-05-03
107,559407,76,2025-11-11
108,299221,76,2025-08-01
109,245634,61,2025-07-13
110,657233,4,2025-10-12
111,771916,99,2025-12-30
112,244782,21,2025-05-02
113,323577,84,2025-08-21
114,861329,63,2025-09-20
115,808126,91,2025-06-29
116,067132,47,2025-04-06
117,655284,93,2026-01-11
118,421200,53,2025-12-29
119,022179,95,2026-03-08
120,705910,5,2025-12-30
121,165590,3,2026-01-06
122,367998,51,2025-11-21
123,794367,39,2025-06-23
124,503413,36,2025-06-23
125,842936,18,2026-01-17
126,602952,71,2025-11-16
127,545687,22,2025-08-25
128,187878,23,2025-06-11
129,385780,100,2026-01-17
130,265597,10,2025-07-11
131,530050,40,2025-06-13
132,954823,84,2025-06-25
133,414011,48,2025-08-07
134,410367,16,2025-12-20
135,140055,61,2025-06-26
136,818718,66,2025-10-18
137,744861,80,2025-06-27
138,387677,81,2025-09-02
139,752339,44,2025-11-19
140,568788,100,2025-04-12
141,160604,62,2025-10-08
142,332431,100,2025-04-22
143,374797,98,2026-01-17
144,356030,91,2025-10-19
145,495891,54,2025-10-11
146,056185,48,2025-04-03
147,701420,88,2025-08-30
148,546667,59,2025-04-20
149,252255,19,2026-01-15
150,266920,67,2025-10-25
151,623745,24,2025-12-24
152,249917,37,2025-08-05
153,585732,48,2026-01-16
154,894260,60,2025-04-14
155,693863,13,2025-04-07
156,797372,21,2026-01-08
157,208770,14,2025-10-13
158,836454,25,2026-03-13
159,617421,32,2025-08-29
160,719900,18,2025-10-05
161,958561,72,2025-11-15
162,506466,26,2025-07-03
163,447329,59,2026-01-21
164,220915,97,2025-12-24
165,580900,82,2025-10-30
166,668327,27,2026-03-04
167,850948,4,2026-01-16
168,712677,16,2026-03-03
169,208855,47,2025-07-27
170,831481,1,2025-07-26
171,891959,38,2026-02-02
172,158887,24,2025-07-08
173,887042,93,2025-04-22
174,942620,17,2025-11-25
175,822453,39,2025-04-01
176,436249,54,2025-03-27
177,371729,90,2025-04-20
178,061476,45,2026-01-22
179,151968,76,2025-05-10
180,419475,20,2025-09-19
181,465683,41,2025-05-04
182,471328,60,2025-04-22
183,402040,24,2026-01-09
184,640113,73,2025-12-09
185,969873,82,2026-02-10
186,078078,63,2026-02-21
187,579274,76,2026-02-18
188,241475,32,2026-02-27
189,629235,86,2025-12-14
190,191026,43,2025-03-25
191,404924,8,2025-07-11
192,148697,28,2026-02-08
193,998739,40,2025-12-31
194,374124,79,2025-04-28
195,211088,6,2026-01-25
196,862086,43,2025-08-12
197,529652,31,2025-12-11
198,670858,74,2025-05-03
199,601865,91,2025-09-26
200,205820,29,2025-06-21
201,177162,95,2026-01-04
202,218083,6,2025-08-07
203,009237,18,2025-09-30
204,370583,93,2025-09-25
205,568690,5,2025-12-30
206,865135,2,2025-10-02
207,978301,41,2025-08-13
208,896025,8,2025-09-09
209,168729,39,2026-01-08
210,886668,49,2025-11-20
211,957767,85,2026-03-07
212,318587,31,2025-04-13
213,873690,36,2025-08-18
214,743534,89,2025-04-10
215,026977,35,2026-01-03
216,620047,99,2025-08-19
217,882547,66,2025-06-22
218,824640,30,2025-12-21
219,449747,66,2025-08-04
220,598590,87,2025-06-14
221,402729,14,2025-07-07
222,320893,53,2025-06-09
223,709398,57,2026-02-03
224,814954,47,2025-08-03
225,267701,69,2025-06-12
226,309226,88,2025-12-07
227,895949,3,2025-06-25
228,087903,72,2026-03-07
229,761750,40,2025-09-27
230,416904,11,2025-08-12
231,409569,32,2025-06-19
232,897872,44,2025-04-02
233,194699,21,2025-08-05
234,447635,4,2025-09-15
235,870910,10,2026-01-19
236,306924,87,2025-12-22
237,558438,97,2026-02-11
238,290917,77,2025-07-23
239,009909,75,2026-03-17
240,212597,53,2025-10-03
241,473985,24,2025-06-25
242,455985,27,2025-12-09
243,217117,56,2026-02-13
244,198127,90,2026-01-09
245,435879,3,2026-01-16
246,205401,9,2025-06-01
247,485620,62,2025-12-11
248,600824,32,2025-06-04
249,420917,84,2025-06-21
250,762269,61,2026-02-10
251,375474,29,2025-04-28
252,110027,44,2025-11-14
253,919668,69,2026-02-15
254,655267,24,2025-10-21
255,691803,22,2025-11-02
256,835272,11,2025-04-07
257,483556,78,2025-10-20
258,812940,92,2025-05-31
259,052608,48,2026-01-05
260,439870,97,2025-07-19
261,386998,47,2025-04-13
262,344866,83,2025-09-21
263,301952,31,2025-03-20
264,095682,14,2025-04-17
265,298379,55,2025-12-04
266,261971,37,2026-02-04
267,084934,42,2025-06-23
268,995238,84,2025-08-07
269,980448,56,2025-11-19
270,059825,31,2026-03-02
271,136077,51,2025-04-03
272,250242,92,2025-11-04
273,314392,85,2026-01-10
274,923664,44,2025-11-24
275,725616,1,2026-01-16
276,780651,100,2026-02-10
277,131491,75,2025-12-03
278,137562,89,2026-02-15
279,350683,51,2026-03-04
280,490448,9,2025-10-24
281,030189,35,2026-01-14
282,194800,8,2025-07-21
283,802730,54,2025-09-07
284,837759,3,2025-11-22
285,627734,56,2025-06-07
286,214150,49,2025-04-15
287,931251,7,2025-09-29
288,764897,97,2025-05-06
289,702332,23,2025-05-18
290,735676,1,2026-02-15
291,084462,98,2025-09-22
292,105288,2,2025-06-19
293,760866,46,2025-05-29
294,533960,39,2025-11-10
295,719700,67,2025-09-26
296,302970,29,2025-08-09
297,995350,95,2025-04-22
298,263197,3,2026-02-28
299,852403,36,2025-08-28
300,671531,59,2026-03-17
301,797602,80,2026-02-14
302,399615,71,2026-01-19
303,873219,5,2025-07-26
304,720084,10,2025-09-23
305,225719,24,2025-10-19
306,282550,24,2025-03-23
307,913755,78,2025-09-28
308,069392,29,2025-08-18
309,149890,58,2025-10-26
310,131184,93,2026-01-06
311,427126,19,2025-07-10
312,310804,85,2025-12-12
313,985902,61,2025-06-28
314,974041,39,2025-12-17
315,426772,60,2025-10-07
316,577434,34,2025-04-14
317,978278,83,2025-04-24
318,957448,33,2025-04-04
319,114775,38,2025-06-15
320,880641,22,2025-07-18
321,245515,80,2025-05-30
322,427794,5,2026-02-16
323,678848,58,2026-01-13
324,373894,20,2026-01-01
325,007397,13,2025-03-30
326,830467,53,2026-01-29
327,217042,57,2025-07-08
328,051852,89,2025-05-02
329,004029,7,2025-03-28
330,576975,100,2025-08-12
331,489855,70,2026-01-08
332,413779,20,2025-12-27
333,109040,47,2026-02-25
334,762757,53,2025-05-18
335,092659,56,2026-01-11
336,205729,77,2025-11-14
337,683818,70,2025-05-17
338,465762,47,2025-10-16
339,072769,33,2025-10-07
340,802605,9,2025-07-19
341,945319,19,2026-01-25
342,072327,26,2025-07-11
343,484586,30,2025-04-19
344,599222,48,2025-07-25
345,723337,13,2026-03-13
346,719566,2,2025-06-13
347,334466,57,2025-08-12
348,004459,49,2025-12-21
349,001890,49,2025-04-18
350,704570,60,2025-09-28
351,928522,11,2025-10-18
352,590806,68,2025-12-20
353,064783,64,2025-04-06
354,679129,67,2025-09-14
355,951644,39,2025-04-05
356,161923,21,2026-01-03
357,867943,56,2025-05-28
358,362350,100,2025-07-11
359,530534,6,2026-03-01
360,841141,85,2025-09-05
361,156317,78,2026-01-13
362,515284,54,2025-05-11
363,954380,48,2025-06-10
364,171392,52,2025-06-30
365,724182,83,2026-01-31
366,680329,79,2025-03-18
367,941986,87,2025-12-01
368,563364,82,2025-11-04
369,003158,42,2025-04-12
370,603228,10,2025-09-20
371,812611,22,2025-08-23
372,315216,94,2025-11-06
373,551800,93,2026-02-11
374,677130,21,2025-07-10
375,002941,79,2025-10-06
376,832334,74,2025-03-27
377,974080,72,2025-05-28
378,890325,36,2025-11-07
379,421518,18,2025-04-08
380,036701,50,2025-11-02
381,731114,80,2025-09-04
382,729068,32,2025-09-08
383,383557,96,2025-11-01
384,448328,37,2026-01-04
385,368552,83,2025-11-21
386,000277,34,2025-07-25
387,128242,28,2025-09-06
388,567164,51,2025-05-03
389,433576,94,2026-01-21
390,999929,4,2025-09-27
391,509771,100,2025-05-17
392,802398,66,2026-01-05
393,473342,7,2025-04-28
394,048677,62,2025-12-08
395,824889,87,2025-12-27
396,327292,26,2025-05-01
397,087079,54,2025-06-06
398,727130,26,2025-05-11
399,355364,84,2025-04-23
400,706515,9,2026-01-21
401,661424,67,2025-08-10
402,441746,61,2025-05-19
403,163001,31,2025-04-25
404,667167,1,2025-12-13
405,879817,91,2025-05-09
406,807799,88,2026-01-23
407,082001,59,2025-11-12
408,696759,53,2026-02-07
409,378366,5,2025-11-14
410,344702,91,2025-05-16
411,309412,18,2025-12-05
412,779269,88,2025-07-16
413,961934,41,2025-10-22
414,719956,57,2025-03-29
415,028359,47,2026-02-01
416,957455,78,2025-05-25
417,450717,90,2025-12-21
418,248340,82,2025-03-19
419,197731,64,2025-04-27
420,152238,70,2025-10-11
421,279490,71,2025-08-06
422,398567,54,2026-01-01
423,040460,83,2025-09-11
424,364348,80,2025-04-03
425,963792,97,2025-06-17
426,815220,66,2026-01-18
427,959258,91,2026-01-17
428,728027,75,2025-08-29
429,036413,98,2025-07-29
430,515240,29,2025-11-10
431,960831,40,2025-10-25
432,027300,47,2025-09-23
433,057799,25,2025-07-10
434,251228,33,2026-03-10
435,847534,69,2026-03-12
436,140978,94,2025-09-07
437,780765,29,2026-01-06
438,671342,6,2025-05-21
439,083686,1,2025-12-13
440,961199,49,2026-03-02
441,539408,77,2025-05-05
442,633527,73,2026-02-10
443,800196,98,2025-10-21
444,067717,63,2025-08-19
445,944141,5,2025-06-26
446,160140,60,2025-09-27
447,583973,31,2026-02-12
448,094011,62,2025-12-16
449,205414,53,2025-12-19
450,890026,83,2025-06-02
451,157837,5,2026-03-01
452,018179,68,2025-08-14
453,044598,65,2025-09-07
454,567762,39,2025-08-03
455,301270,6,2025-12-21
456,098963,30,2025-04-28
457,293714,97,2025-04-20
458,216856,65,2025-11-01
459,806619,36,2026-02-10
460,013929,77,2025-09-29
461,004142,38,2025-08-29
462,599517,46,2026-01-02
463,411316,48,2026-01-08
464,270045,40,2025-11-15
465,331175,13,2025-08-18
466,710268,57,2025-08-25
467,754334,58,2026-02-24
468,383389,21,2026-03-17
469,985725,11,2025-08-11
470,681834,95,2025-12-09
471,135422,12,2025-10-13
472,654585,90,2026-01-24
473,879277,63,2025-04-22
474,230617,39,2025-06-25
475,355623,12,2026-01-31
476,553728,43,2025-06-08
477,831667,2,2026-02-18
478,765137,14,2025-12-30
479,858548,45,2026-02-27
480,483933,89,2025-12-09
481,153984,99,2025-06-16
482,436048,3,2025-07-05
483,333251,42,2026-02-13
484,077556,41,2025-05-09
485,894607,92,2026-01-23
486,190463,84,2025-03-22
487,912791,48,2025-10-21
488,187296,10,2025-06-10
489,908525,97,2025-08-09
490,551111,57,2025-11-04
491,421925,50,2025-12-06
492,852631,5,2025-05-15
493,063574,62,2025-12-04
494,966748,50,2025-10-02
495,619006,45,2026-01-07
496,996291,22,2025-03-31
497,656531,97,2025-04-23
498,002884,69,2026-03-03
499,436737,50,2025-11-24
500,644434,74,2025-11-21
