-- CUSTOMERS
insert into CUSTOMERS (CustomerID, FirstName, LastName, Email, Phone, RegistrationDate) values (1, 'Denni', 'Vincent', 'dvincent0@oaic.gov.au', '341-376-5118', '2025-04-01');
insert into CUSTOMERS (CustomerID, FirstName, LastName, Email, Phone, RegistrationDate) values (2, 'Tallie', 'Reddy', 'treddy1@jimdo.com', '317-234-2958', '2025-11-14');
insert into CUSTOMERS (CustomerID, FirstName, LastName, Email, Phone, RegistrationDate) values (3, 'Manfred', 'Dominico', 'mdominico2@blogtalkradio.com', '390-657-9689', '2026-03-03');
insert into CUSTOMERS (CustomerID, FirstName, LastName, Email, Phone, RegistrationDate) values (4, 'Shaylynn', 'Hutcheson', 'shutcheson3@ehow.com', '772-871-9537', '2025-12-20');
insert into CUSTOMERS (CustomerID, FirstName, LastName, Email, Phone, RegistrationDate) values (5, 'Dannye', 'Wescott', 'dwescott4@goodreads.com', '977-989-6218', '2025-06-19');
insert into CUSTOMERS (CustomerID, FirstName, LastName, Email, Phone, RegistrationDate) values (6, 'Sadella', 'Nizet', 'snizet5@homestead.com', '473-504-0679', '2025-03-26');
insert into CUSTOMERS (CustomerID, FirstName, LastName, Email, Phone, RegistrationDate) values (7, 'Ave', 'Shufflebotham', 'ashufflebotham6@freewebs.com', '807-420-0607', '2025-04-21');
insert into CUSTOMERS (CustomerID, FirstName, LastName, Email, Phone, RegistrationDate) values (8, 'Caitlin', 'Somerton', 'csomerton7@dropbox.com', '967-275-3310', '2025-12-05');
insert into CUSTOMERS (CustomerID, FirstName, LastName, Email, Phone, RegistrationDate) values (9, 'Clea', 'Gumm', 'cgumm8@webnode.com', '476-657-2706', '2025-09-30');
insert into CUSTOMERS (CustomerID, FirstName, LastName, Email, Phone, RegistrationDate) values (10, 'Rana', 'Dumingos', 'rdumingos9@dailymail.co.uk', '990-102-1412', '2025-08-04');
insert into CUSTOMERS (CustomerID, FirstName, LastName, Email, Phone, RegistrationDate) values (11, 'Jeramie', 'Linkie', 'jlinkiea@1und1.de', '980-471-3241', '2025-05-26');
insert into CUSTOMERS (CustomerID, FirstName, LastName, Email, Phone, RegistrationDate) values (12, 'Davita', 'Sainer', 'dsainerb@wikispaces.com', '840-738-8734', '2025-12-31');
insert into CUSTOMERS (CustomerID, FirstName, LastName, Email, Phone, RegistrationDate) values (13, 'Dory', 'Philip', 'dphilipc@fema.gov', '598-608-2876', '2025-10-18');
insert into CUSTOMERS (CustomerID, FirstName, LastName, Email, Phone, RegistrationDate) values (14, 'Borg', 'Haskayne', 'bhaskayned@google.cn', '876-637-3353', '2025-08-13');
insert into CUSTOMERS (CustomerID, FirstName, LastName, Email, Phone, RegistrationDate) values (15, 'Kandace', 'Britten', 'kbrittene@indiegogo.com', '658-773-2860', '2025-12-29');
insert into CUSTOMERS (CustomerID, FirstName, LastName, Email, Phone, RegistrationDate) values (16, 'Donna', 'Vaan', 'dvaanf@chicagotribune.com', '534-346-1669', '2025-08-01');
insert into CUSTOMERS (CustomerID, FirstName, LastName, Email, Phone, RegistrationDate) values (17, 'Jocelyn', 'Gayler', 'jgaylerg@nba.com', '347-595-3858', '2026-02-12');
insert into CUSTOMERS (CustomerID, FirstName, LastName, Email, Phone, RegistrationDate) values (18, 'Eryn', 'Elgee', 'eelgeeh@indiegogo.com', '870-854-5104', '2025-05-12');
insert into CUSTOMERS (CustomerID, FirstName, LastName, Email, Phone, RegistrationDate) values (19, 'Jaimie', 'Baldock', 'jbaldocki@dedecms.com', '105-993-6077', '2025-09-22');
insert into CUSTOMERS (CustomerID, FirstName, LastName, Email, Phone, RegistrationDate) values (20, 'Katusha', 'Ramelet', 'krameletj@last.fm', '656-840-5761', '2025-04-22');

-- EMPLOYEES
insert into EMPLOYEES (EmployeeID, FirstName, LastName, Role, HireDate, WarehouseID) values (1, 'Aymer', 'Korejs', 'Quality Control Specialist', '2026-01-02', 238);
insert into EMPLOYEES (EmployeeID, FirstName, LastName, Role, HireDate, WarehouseID) values (2, 'Avrit', 'Hallibone', 'Associate Professor', '2025-10-19', 481);
insert into EMPLOYEES (EmployeeID, FirstName, LastName, Role, HireDate, WarehouseID) values (3, 'Darby', 'Strong', 'VP Quality Control', '2026-02-21', 249);
insert into EMPLOYEES (EmployeeID, FirstName, LastName, Role, HireDate, WarehouseID) values (4, 'Shannon', 'Hedde', 'Business Systems Development Analyst', '2025-05-21', 111);
insert into EMPLOYEES (EmployeeID, FirstName, LastName, Role, HireDate, WarehouseID) values (5, 'Cully', 'Kenwell', 'Geological Engineer', '2025-11-09', 157);
insert into EMPLOYEES (EmployeeID, FirstName, LastName, Role, HireDate, WarehouseID) values (6, 'Junie', 'Campos', 'Mechanical Systems Engineer', '2025-06-13', 352);
insert into EMPLOYEES (EmployeeID, FirstName, LastName, Role, HireDate, WarehouseID) values (7, 'Kitti', 'Pesticcio', 'VP Accounting', '2025-10-11', 98);
insert into EMPLOYEES (EmployeeID, FirstName, LastName, Role, HireDate, WarehouseID) values (8, 'Norma', 'Girauld', 'Media Manager II', '2025-06-08', 14);
insert into EMPLOYEES (EmployeeID, FirstName, LastName, Role, HireDate, WarehouseID) values (9, 'Ty', 'Durno', 'Graphic Designer', '2025-12-31', 420);
insert into EMPLOYEES (EmployeeID, FirstName, LastName, Role, HireDate, WarehouseID) values (10, 'Virgilio', 'Sonnenschein', 'General Manager', '2025-06-05', 223);
insert into EMPLOYEES (EmployeeID, FirstName, LastName, Role, HireDate, WarehouseID) values (11, 'Rollins', 'Monument', 'Nurse', '2025-06-25', 422);
insert into EMPLOYEES (EmployeeID, FirstName, LastName, Role, HireDate, WarehouseID) values (12, 'Osgood', 'Ricold', 'Product Engineer', '2025-04-12', 357);
insert into EMPLOYEES (EmployeeID, FirstName, LastName, Role, HireDate, WarehouseID) values (13, 'Bernard', 'Ferenczy', 'Software Test Engineer IV', '2025-06-05', 296);
insert into EMPLOYEES (EmployeeID, FirstName, LastName, Role, HireDate, WarehouseID) values (14, 'Haley', 'Braben', 'VP Sales', '2025-06-06', 300);
insert into EMPLOYEES (EmployeeID, FirstName, LastName, Role, HireDate, WarehouseID) values (15, 'Netti', 'Buckeridge', 'Technical Writer', '2025-03-20', 127);
insert into EMPLOYEES (EmployeeID, FirstName, LastName, Role, HireDate, WarehouseID) values (16, 'Denni', 'Calcut', 'VP Marketing', '2025-11-04', 399);
insert into EMPLOYEES (EmployeeID, FirstName, LastName, Role, HireDate, WarehouseID) values (17, 'Meridith', 'Akenhead', 'Registered Nurse', '2025-06-21', 18);
insert into EMPLOYEES (EmployeeID, FirstName, LastName, Role, HireDate, WarehouseID) values (18, 'Johnny', 'Glazebrook', 'Account Coordinator', '2025-09-23', 77);
insert into EMPLOYEES (EmployeeID, FirstName, LastName, Role, HireDate, WarehouseID) values (19, 'Noe', 'Galloway', 'Nuclear Power Engineer', '2025-05-15', 295);
insert into EMPLOYEES (EmployeeID, FirstName, LastName, Role, HireDate, WarehouseID) values (20, 'Aarika', 'Bleier', 'Database Administrator II', '2025-10-29', 99);

-- ORDERS
INSERT INTO ORDERS (OrderID, OrderDate, ShippingAddress, Status, ShipperID, CustomerID, CouponID, EmployeeID) VALUES (1, '2025-04-10', 'Address 1', 'Shipped', 172, 78, NULL, 259);
INSERT INTO ORDERS (OrderID, OrderDate, ShippingAddress, Status, ShipperID, CustomerID, CouponID, EmployeeID) VALUES (2, '2025-05-30', 'Address 2', 'Shipped', 27, 43, NULL, 151);
INSERT INTO ORDERS (OrderID, OrderDate, ShippingAddress, Status, ShipperID, CustomerID, CouponID, EmployeeID) VALUES (3, '2025-12-23', 'Address 3', 'Delivered', 298, 189, NULL, 257);
INSERT INTO ORDERS (OrderID, OrderDate, ShippingAddress, Status, ShipperID, CustomerID, CouponID, EmployeeID) VALUES (4, '2026-01-29', 'Address 4', 'Pending', 290, 185, NULL, 323);
INSERT INTO ORDERS (OrderID, OrderDate, ShippingAddress, Status, ShipperID, CustomerID, CouponID, EmployeeID) VALUES (5, '2025-09-11', 'Address 5', 'Delivered', 164, 17, NULL, 491);
INSERT INTO ORDERS (OrderID, OrderDate, ShippingAddress, Status, ShipperID, CustomerID, CouponID, EmployeeID) VALUES (6, '2025-03-22', 'Address 6', 'Cancelled', 183, 115, NULL, 257);
INSERT INTO ORDERS (OrderID, OrderDate, ShippingAddress, Status, ShipperID, CustomerID, CouponID, EmployeeID) VALUES (7, '2025-08-14', 'Address 7', 'Cancelled', 225, 219, NULL, 187);
INSERT INTO ORDERS (OrderID, OrderDate, ShippingAddress, Status, ShipperID, CustomerID, CouponID, EmployeeID) VALUES (8, '2025-06-13', 'Address 8', 'Processing', 354, 47, NULL, 167);
INSERT INTO ORDERS (OrderID, OrderDate, ShippingAddress, Status, ShipperID, CustomerID, CouponID, EmployeeID) VALUES (9, '2025-05-11', 'Address 9', 'Shipped', 161, 478, NULL, 251);
INSERT INTO ORDERS (OrderID, OrderDate, ShippingAddress, Status, ShipperID, CustomerID, CouponID, EmployeeID) VALUES (10, '2025-11-24', 'Address 10', 'Delivered', 401, 309, NULL, 2);
INSERT INTO ORDERS (OrderID, OrderDate, ShippingAddress, Status, ShipperID, CustomerID, CouponID, EmployeeID) VALUES (11, '2025-05-31', 'Address 11', 'Processing', 150, 107, NULL, 137);
INSERT INTO ORDERS (OrderID, OrderDate, ShippingAddress, Status, ShipperID, CustomerID, CouponID, EmployeeID) VALUES (12, '2025-03-20', 'Address 12', 'Pending', 298, 168, NULL, 449);
INSERT INTO ORDERS (OrderID, OrderDate, ShippingAddress, Status, ShipperID, CustomerID, CouponID, EmployeeID) VALUES (13, '2025-12-26', 'Address 13', 'Shipped', 242, 492, NULL, 406);
INSERT INTO ORDERS (OrderID, OrderDate, ShippingAddress, Status, ShipperID, CustomerID, CouponID, EmployeeID) VALUES (14, '2025-04-10', 'Address 14', 'Cancelled', 118, 122, NULL, 376);
INSERT INTO ORDERS (OrderID, OrderDate, ShippingAddress, Status, ShipperID, CustomerID, CouponID, EmployeeID) VALUES (15, '2025-10-10', 'Address 15', 'Shipped', 263, 250, NULL, 150);
INSERT INTO ORDERS (OrderID, OrderDate, ShippingAddress, Status, ShipperID, CustomerID, CouponID, EmployeeID) VALUES (16, '2025-07-17', 'Address 16', 'Shipped', 423, 305, NULL, 272);
INSERT INTO ORDERS (OrderID, OrderDate, ShippingAddress, Status, ShipperID, CustomerID, CouponID, EmployeeID) VALUES (17, '2026-02-05', 'Address 17', 'Shipped', 72, 423, NULL, 394);
INSERT INTO ORDERS (OrderID, OrderDate, ShippingAddress, Status, ShipperID, CustomerID, CouponID, EmployeeID) VALUES (18, '2026-02-24', 'Address 18', 'Shipped', 296, 312, NULL, 473);
INSERT INTO ORDERS (OrderID, OrderDate, ShippingAddress, Status, ShipperID, CustomerID, CouponID, EmployeeID) VALUES (19, '2025-10-22', 'Address 19', 'Cancelled', 336, 363, NULL, 22);
INSERT INTO ORDERS (OrderID, OrderDate, ShippingAddress, Status, ShipperID, CustomerID, CouponID, EmployeeID) VALUES (20, '2025-11-27', 'Address 20', 'Shipped', 146, 374, NULL, 109);

-- ORDER_ITEMS
INSERT INTO ORDER_ITEMS (Quantity, UnitPrice, ProductID, OrderID) VALUES (5, 303.06, 129, 1) ON CONFLICT DO NOTHING;
INSERT INTO ORDER_ITEMS (Quantity, UnitPrice, ProductID, OrderID) VALUES (3, 436.88, 323, 2) ON CONFLICT DO NOTHING;
INSERT INTO ORDER_ITEMS (Quantity, UnitPrice, ProductID, OrderID) VALUES (5, 499.78, 21, 2) ON CONFLICT DO NOTHING;
INSERT INTO ORDER_ITEMS (Quantity, UnitPrice, ProductID, OrderID) VALUES (4, 12.7, 76, 2) ON CONFLICT DO NOTHING;
INSERT INTO ORDER_ITEMS (Quantity, UnitPrice, ProductID, OrderID) VALUES (1, 172.09, 496, 3) ON CONFLICT DO NOTHING;
INSERT INTO ORDER_ITEMS (Quantity, UnitPrice, ProductID, OrderID) VALUES (4, 59.51, 48, 3) ON CONFLICT DO NOTHING;
INSERT INTO ORDER_ITEMS (Quantity, UnitPrice, ProductID, OrderID) VALUES (4, 448.4, 300, 4) ON CONFLICT DO NOTHING;
INSERT INTO ORDER_ITEMS (Quantity, UnitPrice, ProductID, OrderID) VALUES (3, 309.68, 252, 5) ON CONFLICT DO NOTHING;
INSERT INTO ORDER_ITEMS (Quantity, UnitPrice, ProductID, OrderID) VALUES (5, 316.53, 208, 5) ON CONFLICT DO NOTHING;
INSERT INTO ORDER_ITEMS (Quantity, UnitPrice, ProductID, OrderID) VALUES (2, 143.51, 69, 6) ON CONFLICT DO NOTHING;
INSERT INTO ORDER_ITEMS (Quantity, UnitPrice, ProductID, OrderID) VALUES (3, 411.1, 92, 7) ON CONFLICT DO NOTHING;
INSERT INTO ORDER_ITEMS (Quantity, UnitPrice, ProductID, OrderID) VALUES (3, 89.36, 13, 7) ON CONFLICT DO NOTHING;
INSERT INTO ORDER_ITEMS (Quantity, UnitPrice, ProductID, OrderID) VALUES (5, 445.61, 119, 8) ON CONFLICT DO NOTHING;
INSERT INTO ORDER_ITEMS (Quantity, UnitPrice, ProductID, OrderID) VALUES (3, 296.94, 497, 8) ON CONFLICT DO NOTHING;
INSERT INTO ORDER_ITEMS (Quantity, UnitPrice, ProductID, OrderID) VALUES (3, 199.56, 430, 9) ON CONFLICT DO NOTHING;
INSERT INTO ORDER_ITEMS (Quantity, UnitPrice, ProductID, OrderID) VALUES (2, 324.58, 197, 9) ON CONFLICT DO NOTHING;
INSERT INTO ORDER_ITEMS (Quantity, UnitPrice, ProductID, OrderID) VALUES (2, 63.71, 229, 10) ON CONFLICT DO NOTHING;
INSERT INTO ORDER_ITEMS (Quantity, UnitPrice, ProductID, OrderID) VALUES (5, 28.2, 368, 10) ON CONFLICT DO NOTHING;
INSERT INTO ORDER_ITEMS (Quantity, UnitPrice, ProductID, OrderID) VALUES (2, 339.66, 263, 11) ON CONFLICT DO NOTHING;
INSERT INTO ORDER_ITEMS (Quantity, UnitPrice, ProductID, OrderID) VALUES (1, 434.62, 199, 11) ON CONFLICT DO NOTHING;

-- PRODUCTS
insert into PRODUCTS (ProductID, ProductName, Price, StockQuantity, CategoryID, SupplierID, WarehouseID) values (1, 'Glass - Wine, Plastic, Clear 5 Oz', 100.9, 575, 336, 254, 106);
insert into PRODUCTS (ProductID, ProductName, Price, StockQuantity, CategoryID, SupplierID, WarehouseID) values (2, 'Beef - Kobe Striploin', 914.92, 306, 263, 270, 474);
insert into PRODUCTS (ProductID, ProductName, Price, StockQuantity, CategoryID, SupplierID, WarehouseID) values (3, 'Ecolab - Balanced Fusion', 905.98, 0, 195, 104, 258);
insert into PRODUCTS (ProductID, ProductName, Price, StockQuantity, CategoryID, SupplierID, WarehouseID) values (4, 'Sachet', 991.26, 524, 264, 22, 174);
insert into PRODUCTS (ProductID, ProductName, Price, StockQuantity, CategoryID, SupplierID, WarehouseID) values (5, 'Sping Loaded Cup Dispenser', 970.8, 471, 143, 243, 391);
insert into PRODUCTS (ProductID, ProductName, Price, StockQuantity, CategoryID, SupplierID, WarehouseID) values (6, 'Limes', 475.39, 289, 485, 372, 382);
insert into PRODUCTS (ProductID, ProductName, Price, StockQuantity, CategoryID, SupplierID, WarehouseID) values (7, 'Gingerale - Diet - Schweppes', 215.4, 282, 334, 264, 401);
insert into PRODUCTS (ProductID, ProductName, Price, StockQuantity, CategoryID, SupplierID, WarehouseID) values (8, 'Sugar Thermometer', 251.07, 673, 420, 362, 473);
insert into PRODUCTS (ProductID, ProductName, Price, StockQuantity, CategoryID, SupplierID, WarehouseID) values (9, 'Lettuce - Lolla Rosa', 655.55, 454, 485, 95, 210);
insert into PRODUCTS (ProductID, ProductName, Price, StockQuantity, CategoryID, SupplierID, WarehouseID) values (10, 'English Muffin', 993.49, 954, 381, 198, 447);
insert into PRODUCTS (ProductID, ProductName, Price, StockQuantity, CategoryID, SupplierID, WarehouseID) values (11, 'Pasta - Fusili Tri - Coloured', 874.2, 486, 178, 245, 174);
insert into PRODUCTS (ProductID, ProductName, Price, StockQuantity, CategoryID, SupplierID, WarehouseID) values (12, 'Doilies - 7, Paper', 892.38, 461, 211, 240, 118);
insert into PRODUCTS (ProductID, ProductName, Price, StockQuantity, CategoryID, SupplierID, WarehouseID) values (13, 'Pork Casing', 627.34, 536, 124, 414, 37);
insert into PRODUCTS (ProductID, ProductName, Price, StockQuantity, CategoryID, SupplierID, WarehouseID) values (14, 'Tray - 16in Rnd Blk', 369.59, 443, 160, 115, 65);
insert into PRODUCTS (ProductID, ProductName, Price, StockQuantity, CategoryID, SupplierID, WarehouseID) values (15, 'Pork Ham Prager', 584.09, 423, 223, 426, 3);
insert into PRODUCTS (ProductID, ProductName, Price, StockQuantity, CategoryID, SupplierID, WarehouseID) values (16, 'Sugar - Palm', 301.19, 930, 192, 95, 357);
insert into PRODUCTS (ProductID, ProductName, Price, StockQuantity, CategoryID, SupplierID, WarehouseID) values (17, 'Ham - Cooked Italian', 710.79, 218, 437, 331, 19);
insert into PRODUCTS (ProductID, ProductName, Price, StockQuantity, CategoryID, SupplierID, WarehouseID) values (18, 'Energy Drink - Redbull 355ml', 688.91, 539, 77, 419, 124);
insert into PRODUCTS (ProductID, ProductName, Price, StockQuantity, CategoryID, SupplierID, WarehouseID) values (19, 'Mousse - Mango', 524.36, 948, 202, 448, 25);
insert into PRODUCTS (ProductID, ProductName, Price, StockQuantity, CategoryID, SupplierID, WarehouseID) values (20, 'Coriander - Seed', 579.08, 419, 278, 143, 267);

-- SUPPLIERS
insert into SUPPLIERS (SupplierID, CompanyName, ContactName, ContactPhone) values (1, 'Skinix', 'Fiann Tomas', '794-511-9085');
insert into SUPPLIERS (SupplierID, CompanyName, ContactName, ContactPhone) values (2, 'Avaveo', 'Gardie Trimnell', '560-255-5390');
insert into SUPPLIERS (SupplierID, CompanyName, ContactName, ContactPhone) values (3, 'Chatterpoint', 'Gauthier Jansik', '287-406-6791');
insert into SUPPLIERS (SupplierID, CompanyName, ContactName, ContactPhone) values (4, 'Voolia', 'Ibbie Bartlosz', '360-347-2575');
insert into SUPPLIERS (SupplierID, CompanyName, ContactName, ContactPhone) values (5, 'Flashdog', 'Camilla Galtone', '385-192-6352');
insert into SUPPLIERS (SupplierID, CompanyName, ContactName, ContactPhone) values (6, 'Skippad', 'Dallon Planks', '386-871-6817');
insert into SUPPLIERS (SupplierID, CompanyName, ContactName, ContactPhone) values (7, 'Livepath', 'Krispin Dysart', '716-560-8549');
insert into SUPPLIERS (SupplierID, CompanyName, ContactName, ContactPhone) values (8, 'Kwimbee', 'Yehudit Kowalik', '144-186-0714');
insert into SUPPLIERS (SupplierID, CompanyName, ContactName, ContactPhone) values (9, 'Feedspan', 'Clotilda Haig', '993-154-2759');
insert into SUPPLIERS (SupplierID, CompanyName, ContactName, ContactPhone) values (10, 'Mudo', 'Delaney Erwin', '519-358-1115');
insert into SUPPLIERS (SupplierID, CompanyName, ContactName, ContactPhone) values (11, 'Wordpedia', 'Valentin Eykelbosch', '285-351-5005');
insert into SUPPLIERS (SupplierID, CompanyName, ContactName, ContactPhone) values (12, 'Skimia', 'Germaine MacCurtain', '591-476-7426');
insert into SUPPLIERS (SupplierID, CompanyName, ContactName, ContactPhone) values (13, 'Topiclounge', 'Cassaundra Elvidge', '157-134-1858');
insert into SUPPLIERS (SupplierID, CompanyName, ContactName, ContactPhone) values (14, 'Jabbersphere', 'Evie Kenneford', '804-868-9073');
insert into SUPPLIERS (SupplierID, CompanyName, ContactName, ContactPhone) values (15, 'Chatterpoint', 'Cash de Merida', '693-593-3339');
insert into SUPPLIERS (SupplierID, CompanyName, ContactName, ContactPhone) values (16, 'Linktype', 'Elliot Sancroft', '944-672-6596');
insert into SUPPLIERS (SupplierID, CompanyName, ContactName, ContactPhone) values (17, 'Zoombox', 'Bran Ryall', '567-544-4580');
insert into SUPPLIERS (SupplierID, CompanyName, ContactName, ContactPhone) values (18, 'Babblestorm', 'Sandro Bricket', '577-632-5077');
insert into SUPPLIERS (SupplierID, CompanyName, ContactName, ContactPhone) values (19, 'Avavee', 'Sarena Snozzwell', '904-593-6899');
insert into SUPPLIERS (SupplierID, CompanyName, ContactName, ContactPhone) values (20, 'Photospace', 'Carson Treswell', '614-354-7156');

-- CATEGORIES
insert into CATEGORIES (CategoryID, CategoryName, Description) values (1, 'Category_1', 'Description_1');
insert into CATEGORIES (CategoryID, CategoryName, Description) values (2, 'Category_2', 'Description_2');
insert into CATEGORIES (CategoryID, CategoryName, Description) values (3, 'Category_3', 'Description_3');
insert into CATEGORIES (CategoryID, CategoryName, Description) values (4, 'Category_4', 'Description_4');
insert into CATEGORIES (CategoryID, CategoryName, Description) values (5, 'Category_5', 'Description_5');
insert into CATEGORIES (CategoryID, CategoryName, Description) values (6, 'Category_6', 'Description_6');
insert into CATEGORIES (CategoryID, CategoryName, Description) values (7, 'Category_7', 'Description_7');
insert into CATEGORIES (CategoryID, CategoryName, Description) values (8, 'Category_8', 'Description_8');
insert into CATEGORIES (CategoryID, CategoryName, Description) values (9, 'Category_9', 'Description_9');
insert into CATEGORIES (CategoryID, CategoryName, Description) values (10, 'Category_10', 'Description_10');
insert into CATEGORIES (CategoryID, CategoryName, Description) values (11, 'Category_11', 'Description_11');
insert into CATEGORIES (CategoryID, CategoryName, Description) values (12, 'Category_12', 'Description_12');
insert into CATEGORIES (CategoryID, CategoryName, Description) values (13, 'Category_13', 'Description_13');
insert into CATEGORIES (CategoryID, CategoryName, Description) values (14, 'Category_14', 'Description_14');
insert into CATEGORIES (CategoryID, CategoryName, Description) values (15, 'Category_15', 'Description_15');
insert into CATEGORIES (CategoryID, CategoryName, Description) values (16, 'Category_16', 'Description_16');
insert into CATEGORIES (CategoryID, CategoryName, Description) values (17, 'Category_17', 'Description_17');
insert into CATEGORIES (CategoryID, CategoryName, Description) values (18, 'Category_18', 'Description_18');
insert into CATEGORIES (CategoryID, CategoryName, Description) values (19, 'Category_19', 'Description_19');
insert into CATEGORIES (CategoryID, CategoryName, Description) values (20, 'Category_20', 'Description_20');

-- SHIPPERS
insert into SHIPPERS (ShipperID, CompanyName, Website, ContactPhone) values (1, 'Skinder', 'hubpages', '891-616-2317');
insert into SHIPPERS (ShipperID, CompanyName, Website, ContactPhone) values (2, 'Linklinks', 'tinypic', '827-706-0427');
insert into SHIPPERS (ShipperID, CompanyName, Website, ContactPhone) values (3, 'Livepath', 'yandex', '904-132-5097');
insert into SHIPPERS (ShipperID, CompanyName, Website, ContactPhone) values (4, 'Youfeed', 'google', '135-881-6664');
insert into SHIPPERS (ShipperID, CompanyName, Website, ContactPhone) values (5, 'Fliptune', 'prlog', '195-991-2019');
insert into SHIPPERS (ShipperID, CompanyName, Website, ContactPhone) values (6, 'DabZ', 'kickstarte', '841-321-2332');
insert into SHIPPERS (ShipperID, CompanyName, Website, ContactPhone) values (7, 'Kazio', 'eventbrite', '951-803-4428');
insert into SHIPPERS (ShipperID, CompanyName, Website, ContactPhone) values (8, 'Quimba', 'theatlanti', '163-672-3765');
insert into SHIPPERS (ShipperID, CompanyName, Website, ContactPhone) values (9, 'Topicware', 'disqus', '309-875-3337');
insert into SHIPPERS (ShipperID, CompanyName, Website, ContactPhone) values (10, 'Skiptube', 'oakley', '701-334-6187');
insert into SHIPPERS (ShipperID, CompanyName, Website, ContactPhone) values (11, 'Realblab', 'topsy', '526-634-7506');
insert into SHIPPERS (ShipperID, CompanyName, Website, ContactPhone) values (12, 'Tazzy', 'quantcast', '633-542-5981');
insert into SHIPPERS (ShipperID, CompanyName, Website, ContactPhone) values (13, 'Eayo', 'census', '997-511-5687');
insert into SHIPPERS (ShipperID, CompanyName, Website, ContactPhone) values (14, 'Yambee', 'about', '107-148-7634');
insert into SHIPPERS (ShipperID, CompanyName, Website, ContactPhone) values (15, 'Quimm', 'mysql', '215-362-9685');
insert into SHIPPERS (ShipperID, CompanyName, Website, ContactPhone) values (16, 'Twitterworks', 'unblog', '820-101-6581');
insert into SHIPPERS (ShipperID, CompanyName, Website, ContactPhone) values (17, 'Zoonder', 'accuweathe', '414-566-6568');
insert into SHIPPERS (ShipperID, CompanyName, Website, ContactPhone) values (18, 'Vimbo', 'aol', '953-720-9912');
insert into SHIPPERS (ShipperID, CompanyName, Website, ContactPhone) values (19, 'Zoomzone', 'who', '211-316-8126');
insert into SHIPPERS (ShipperID, CompanyName, Website, ContactPhone) values (20, 'Livepath', 'si', '260-829-8946');

-- COUPONS
insert into COUPONS (CouponID, CouponCode, DiscountPercent, ExpiryDate) values (1, '093128', 80, '2025-12-11');
insert into COUPONS (CouponID, CouponCode, DiscountPercent, ExpiryDate) values (2, '966015', 85, '2026-03-16');
insert into COUPONS (CouponID, CouponCode, DiscountPercent, ExpiryDate) values (3, '131632', 67, '2025-08-12');
insert into COUPONS (CouponID, CouponCode, DiscountPercent, ExpiryDate) values (4, '267625', 44, '2025-08-22');
insert into COUPONS (CouponID, CouponCode, DiscountPercent, ExpiryDate) values (5, '508064', 68, '2025-05-08');
insert into COUPONS (CouponID, CouponCode, DiscountPercent, ExpiryDate) values (6, '219110', 60, '2025-06-22');
insert into COUPONS (CouponID, CouponCode, DiscountPercent, ExpiryDate) values (7, '431240', 25, '2025-08-28');
insert into COUPONS (CouponID, CouponCode, DiscountPercent, ExpiryDate) values (8, '847955', 32, '2025-05-14');
insert into COUPONS (CouponID, CouponCode, DiscountPercent, ExpiryDate) values (9, '798956', 23, '2026-02-01');
insert into COUPONS (CouponID, CouponCode, DiscountPercent, ExpiryDate) values (10, '906379', 40, '2026-02-12');
insert into COUPONS (CouponID, CouponCode, DiscountPercent, ExpiryDate) values (11, '367585', 4, '2026-01-22');
insert into COUPONS (CouponID, CouponCode, DiscountPercent, ExpiryDate) values (12, '814695', 53, '2025-06-26');
insert into COUPONS (CouponID, CouponCode, DiscountPercent, ExpiryDate) values (13, '948989', 67, '2025-12-17');
insert into COUPONS (CouponID, CouponCode, DiscountPercent, ExpiryDate) values (14, '518335', 19, '2025-04-14');
insert into COUPONS (CouponID, CouponCode, DiscountPercent, ExpiryDate) values (15, '730809', 50, '2025-11-28');
insert into COUPONS (CouponID, CouponCode, DiscountPercent, ExpiryDate) values (16, '611768', 38, '2026-01-11');
insert into COUPONS (CouponID, CouponCode, DiscountPercent, ExpiryDate) values (17, '438364', 66, '2025-10-11');
insert into COUPONS (CouponID, CouponCode, DiscountPercent, ExpiryDate) values (18, '003052', 70, '2025-12-19');
insert into COUPONS (CouponID, CouponCode, DiscountPercent, ExpiryDate) values (19, '885016', 7, '2025-08-08');
insert into COUPONS (CouponID, CouponCode, DiscountPercent, ExpiryDate) values (20, '232986', 62, '2025-04-07');

-- WHAREHOUSE
insert into WAREHOUSES (WarehouseID, Location, Capacity) values (1, 'Location_1', 1);
insert into WAREHOUSES (WarehouseID, Location, Capacity) values (2, 'Location_2', 2);
insert into WAREHOUSES (WarehouseID, Location, Capacity) values (3, 'Location_3', 3);
insert into WAREHOUSES (WarehouseID, Location, Capacity) values (4, 'Location_4', 4);
insert into WAREHOUSES (WarehouseID, Location, Capacity) values (5, 'Location_5', 5);
insert into WAREHOUSES (WarehouseID, Location, Capacity) values (6, 'Location_6', 6);
insert into WAREHOUSES (WarehouseID, Location, Capacity) values (7, 'Location_7', 7);
insert into WAREHOUSES (WarehouseID, Location, Capacity) values (8, 'Location_8', 8);
insert into WAREHOUSES (WarehouseID, Location, Capacity) values (9, 'Location_9', 9);
insert into WAREHOUSES (WarehouseID, Location, Capacity) values (10, 'Location_10', 10);
insert into WAREHOUSES (WarehouseID, Location, Capacity) values (11, 'Location_11', 11);
insert into WAREHOUSES (WarehouseID, Location, Capacity) values (12, 'Location_12', 12);
insert into WAREHOUSES (WarehouseID, Location, Capacity) values (13, 'Location_13', 13);
insert into WAREHOUSES (WarehouseID, Location, Capacity) values (14, 'Location_14', 14);
insert into WAREHOUSES (WarehouseID, Location, Capacity) values (15, 'Location_15', 15);
insert into WAREHOUSES (WarehouseID, Location, Capacity) values (16, 'Location_16', 16);
insert into WAREHOUSES (WarehouseID, Location, Capacity) values (17, 'Location_17', 17);
insert into WAREHOUSES (WarehouseID, Location, Capacity) values (18, 'Location_18', 18);
insert into WAREHOUSES (WarehouseID, Location, Capacity) values (19, 'Location_19', 19);
insert into WAREHOUSES (WarehouseID, Location, Capacity) values (20, 'Location_20', 20);

-- PRODUCT_REVIEWS
insert into PRODUCT_REVIEWS (ReviewID, Rating, Comment, ReviewDate, ProductID, CustomerID) values (1, 4, 'Nulla ut erat id mauris vulputate elementum. Nullam varius.', '2025-08-19', 1, 1);
insert into PRODUCT_REVIEWS (ReviewID, Rating, Comment, ReviewDate, ProductID, CustomerID) values (2, 1, 'Nam dui. Proin leo odio, porttitor id, consequat in, consequat ut, nulla.', '2025-08-27', 2, 2);
insert into PRODUCT_REVIEWS (ReviewID, Rating, Comment, ReviewDate, ProductID, CustomerID) values (3, 5, 'Cras mi pede, malesuada in, imperdiet et, commodo vulputate, justo.', '2025-04-16', 3, 3);
insert into PRODUCT_REVIEWS (ReviewID, Rating, Comment, ReviewDate, ProductID, CustomerID) values (4, 2, 'Pellentesque viverra pede ac diam. Cras pellentesque volutpat dui.', '2025-09-14', 4, 4);
insert into PRODUCT_REVIEWS (ReviewID, Rating, Comment, ReviewDate, ProductID, CustomerID) values (5, 5, 'Sed ante. Vivamus tortor.', '2025-05-16', 5, 5);
insert into PRODUCT_REVIEWS (ReviewID, Rating, Comment, ReviewDate, ProductID, CustomerID) values (6, 2, 'Quisque id justo sit amet sapien dignissim vestibulum. Vestibulum ante ipsum primis in faucibus orci luctus et ultrices posuere cubilia Curae; Nulla dapibus dolor vel est.', '2026-01-15', 6, 6);
insert into PRODUCT_REVIEWS (ReviewID, Rating, Comment, ReviewDate, ProductID, CustomerID) values (7, 5, 'Phasellus in felis.', '2026-03-02', 7, 7);
insert into PRODUCT_REVIEWS (ReviewID, Rating, Comment, ReviewDate, ProductID, CustomerID) values (8, 5, 'In hac habitasse platea dictumst. Morbi vestibulum, velit id pretium iaculis, diam erat fermentum justo, nec condimentum neque sapien placerat ante.', '2026-02-01', 8, 8);
insert into PRODUCT_REVIEWS (ReviewID, Rating, Comment, ReviewDate, ProductID, CustomerID) values (9, 3, 'Proin risus. Praesent lectus.', '2026-01-05', 9, 9);
insert into PRODUCT_REVIEWS (ReviewID, Rating, Comment, ReviewDate, ProductID, CustomerID) values (10, 1, 'Proin risus.', '2026-02-22', 10, 10);
insert into PRODUCT_REVIEWS (ReviewID, Rating, Comment, ReviewDate, ProductID, CustomerID) values (11, 2, 'Donec posuere metus vitae ipsum. Aliquam non mauris.', '2025-12-15', 11, 11);
insert into PRODUCT_REVIEWS (ReviewID, Rating, Comment, ReviewDate, ProductID, CustomerID) values (12, 4, 'In congue.', '2025-05-05', 12, 12);
insert into PRODUCT_REVIEWS (ReviewID, Rating, Comment, ReviewDate, ProductID, CustomerID) values (13, 2, 'Maecenas tincidunt lacus at velit. Vivamus vel nulla eget eros elementum pellentesque.', '2026-02-02', 13, 13);
insert into PRODUCT_REVIEWS (ReviewID, Rating, Comment, ReviewDate, ProductID, CustomerID) values (14, 3, 'Aliquam non mauris. Morbi non lectus.', '2025-08-28', 14, 14);
insert into PRODUCT_REVIEWS (ReviewID, Rating, Comment, ReviewDate, ProductID, CustomerID) values (15, 1, 'In est risus, auctor sed, tristique in, tempus sit amet, sem.', '2026-03-02', 15, 15);
insert into PRODUCT_REVIEWS (ReviewID, Rating, Comment, ReviewDate, ProductID, CustomerID) values (16, 2, 'Aenean lectus.', '2025-10-25', 16, 16);
insert into PRODUCT_REVIEWS (ReviewID, Rating, Comment, ReviewDate, ProductID, CustomerID) values (17, 2, 'Quisque porta volutpat erat. Quisque erat eros, viverra eget, congue eget, semper rutrum, nulla.', '2026-03-16', 17, 17);
insert into PRODUCT_REVIEWS (ReviewID, Rating, Comment, ReviewDate, ProductID, CustomerID) values (18, 5, 'Nulla ut erat id mauris vulputate elementum.', '2025-09-28', 18, 18);
insert into PRODUCT_REVIEWS (ReviewID, Rating, Comment, ReviewDate, ProductID, CustomerID) values (19, 3, 'Sed ante. Vivamus tortor.', '2025-06-06', 19, 19);
insert into PRODUCT_REVIEWS (ReviewID, Rating, Comment, ReviewDate, ProductID, CustomerID) values (20, 1, 'Integer non velit. Donec diam neque, vestibulum eget, vulputate ut, ultrices vel, augue.', '2025-04-18', 20, 20);
